Source URL,Destination Url,
https://www.stbotanica.com/blog/scientifically-natural-skin-care/acne-vs-pimples-the-key-differences,https://www.stbotanica.com/blog/acne-vs-pimples-the-key-differences, 
https://www.stbotanica.com/blog/scientifically-natural-hair-care/is-argan-oil-shampoo-good-for-curly-hair,https://www.stbotanica.com/blog/is-argan-oil-shampoo-good-for-curly-hair, 
https://www.stbotanica.com/blog/scientifically-natural-skin-care/10-tips-to-change-your-skincare-routine-for-summer-season,https://www.stbotanica.com/blog/10-tips-to-change-your-skincare-routine-for-summer-season, 
https://www.stbotanica.com/blog/scientifically-natural-skin-care/understanding-the-difference-between-blackheads-whiteheads,https://www.stbotanica.com/blog/understanding-the-difference-between-blackheads-whiteheads, 
https://www.stbotanica.com/blog/scientifically-natural-skin-care/difference-between-day-cream-and-night-cream,https://www.stbotanica.com/blog/difference-between-day-cream-and-night-cream, 
https://www.stbotanica.com/blog/scientifically-natural-hair-care/what-does-keratin-do-to-curly-wavy-hair,https://www.stbotanica.com/blog/what-does-keratin-do-to-curly-wavy-hair, 
https://www.stbotanica.com/blog/scientifically-natural-hair-care/types-of-keratin-treatment-for-hair,https://www.stbotanica.com/blog/types-of-keratin-treatment-for-hair, 
https://www.stbotanica.com/blog/scientifically-natural-hair-care/how-to-do-keratin-treatment-at-home,https://www.stbotanica.com/blog/how-to-do-keratin-treatment-at-home, 
https://www.stbotanica.com/blog/scientifically-natural-hair-care/how-to-cure-hair-split-ends,https://www.stbotanica.com/blog/how-to-cure-hair-split-ends, 
https://www.stbotanica.com/blog/scientifically-natural-hair-care/nourish-your-hair-at-home-without-salon-visit,https://www.stbotanica.com/blog/nourish-your-hair-at-home-without-salon-visit, 
https://www.stbotanica.com/blog/scientifically-natural-hair-care/dry-hair-treatment-hair-care-tips-for-dry-and-damaged-hair,https://www.stbotanica.com/blog/dry-hair-treatment-hair-care-tips-for-dry-and-damaged-hair, 
https://www.stbotanica.com/blog/scientifically-natural-hair-care/tips-for-itchy-and-dry-scalp-treatment,https://www.stbotanica.com/blog/tips-for-itchy-and-dry-scalp-treatment, 
https://www.stbotanica.com/blog/scientifically-natural-hair-care/how-to-choose-the-best-type-of-shampoo-for-your-hair,https://www.stbotanica.com/blog/how-to-choose-the-best-type-of-shampoo-for-your-hair, 
https://www.stbotanica.com/blog/scientifically-natural-hair-care/common-hair-problems-and-solutions,https://www.stbotanica.com/blog/common-hair-problems-and-solutions, 
https://www.stbotanica.com/blog/scientifically-natural-hair-care/tips-to-get-rid-of-frizzy-hair,https://www.stbotanica.com/blog/tips-to-get-rid-of-frizzy-hair, 
https://www.stbotanica.com/blog/scientifically-natural-hair-care/keratin-for-hair-benefits-and-uses,https://www.stbotanica.com/blog/keratin-for-hair-benefits-and-uses, 
https://www.stbotanica.com/blog/scientifically-natural-hair-care/best-shampoos-to-cleanse-your-scalp-and-combat-dandruff,https://www.stbotanica.com/blog/best-shampoos-to-cleanse-your-scalp-and-combat-dandruff, 
https://www.stbotanica.com/blog/scientifically-natural-hair-care/is-argan-oil-shampoo-good-for-colour-treated-hair,https://www.stbotanica.com/blog/is-argan-oil-shampoo-good-for-colour-treated-hair, 
https://www.stbotanica.com/blog/scientifically-natural-skin-care/is-argan-oil-good-for-your-face,https://www.stbotanica.com/blog/is-argan-oil-good-for-your-face, 
https://www.stbotanica.com/blog/scientifically-natural-hair-care/best-shampoos-for-hair-fall,https://www.stbotanica.com/blog/best-shampoos-for-hair-fall, 
https://www.stbotanica.com/blog/scientifically-natural-hair-care/argan-oil-for-hair-vs-coconut-oil-which-is-better,https://www.stbotanica.com/blog/argan-oil-for-hair-vs-coconut-oil-which-is-better, 
https://www.stbotanica.com/blog/scientifically-natural-hair-care/how-to-use-argan-oil-for-hair-growth,https://www.stbotanica.com/blog/how-to-use-argan-oil-for-hair-growth, 
https://www.stbotanica.com/blog/scientifically-natural-hair-care/argan-oil-and-moroccan-oil-what-is-the-difference,https://www.stbotanica.com/blog/argan-oil-and-moroccan-oil-what-is-the-difference, 
https://www.stbotanica.com/blog/scientifically-natural-hair-care/moroccan-oil-for-hair-benefits-and-uses,https://www.stbotanica.com/blog/moroccan-oil-for-hair-benefits-and-uses, 
https://www.stbotanica.com/blog/scientifically-natural-hair-care/benefits-and-uses-of-argan-oil-for-hair,https://www.stbotanica.com/blog/benefits-and-uses-of-argan-oil-for-hair, 
https://www.stbotanica.com/blog/scientifically-natural-skin-care/a-proven-miracle-anti-aging-ingredient-co-enzyme-q10-that-actually-works,https://www.stbotanica.com/blog/a-proven-miracle-anti-aging-ingredient-co-enzyme-q10-that-actually-works, 
https://www.stbotanica.com/blog/scientifically-natural-skin-care/here-are-the-top-reasons-to-inculcate-bergamot-oil-in-your-skincare-ritual-now,https://www.stbotanica.com/blog/here-are-the-top-reasons-to-inculcate-bergamot-oil-in-your-skincare-ritual-now, 
https://www.stbotanica.com/blog/scientifically-natural-skin-care/surprising-beauty-benefits-of-apple-cider-vinegar-for-your-skin,https://www.stbotanica.com/blog/surprising-beauty-benefits-of-apple-cider-vinegar-for-your-skin, 
https://www.stbotanica.com/blog/scientifically-natural-hair-care/know-the-benefits-of-black-seed-oil-for-hair-how-to-use-it,https://www.stbotanica.com/blog/know-the-benefits-of-black-seed-oil-for-hair-how-to-use-it, 
https://www.stbotanica.com/blog/scientifically-natural-body-care/nourish-your-body-with-sudsing-get-flawless-healthiest-and-softest-skin,https://www.stbotanica.com/blog/nourish-your-body-with-sudsing-get-flawless-healthiest-and-softest-skin, 
https://www.stbotanica.com/blog/scientifically-natural-skin-care/lets-unveil-why-shea-butter-infused-products-should-be-staple-in-the-skincare-regimen,https://www.stbotanica.com/blog/lets-unveil-why-shea-butter-infused-products-should-be-staple-in-the-skincare-regimen, 
https://www.stbotanica.com/blog/scientifically-natural-skin-care/squalane-oil-a-miracle-ingredient-for-super-dry-skin,https://www.stbotanica.com/blog/squalane-oil-a-miracle-ingredient-for-super-dry-skin, 
https://www.stbotanica.com/blog/scientifically-natural-skin-care/everything-you-need-to-know-about-skin-transforming-peptides,https://www.stbotanica.com/blog/everything-you-need-to-know-about-skin-transforming-peptides, 
https://www.stbotanica.com/blog/scientifically-natural-skin-care/top-reasons-why-wheat-germ-oil-should-be-your-next-bff,https://www.stbotanica.com/blog/top-reasons-why-wheat-germ-oil-should-be-your-next-bff, 
https://www.stbotanica.com/blog/scientifically-natural-hair-care/how-redensyl-acts-magical-for-averting-the-problem-of-hair-loss,https://www.stbotanica.com/blog/how-redensyl-acts-magical-for-averting-the-problem-of-hair-loss, 
https://www.stbotanica.com/blog/scientifically-natural-skin-care/get-retinol-like-effects-naturally-with-bakuchiol-product,https://www.stbotanica.com/blog/get-retinol-like-effects-naturally-with-bakuchiol-product, 
https://www.stbotanica.com/blog/scientifically-natural-skin-care/dermatologists-backed-top-reasons-to-add-lactic-acid-in-your-skincare-routine,https://www.stbotanica.com/blog/dermatologists-backed-top-reasons-to-add-lactic-acid-in-your-skincare-routine, 
https://www.stbotanica.com/blog/scientifically-natural-hair-care/heres-everything-you-need-to-know-about-provitamin-b5-how-beneficial-is-it-in-hair-care,https://www.stbotanica.com/blog/heres-everything-you-need-to-know-about-provitamin-b5-how-beneficial-is-it-in-hair-care, 
https://www.stbotanica.com/blog/scientifically-natural-skin-care/hyaluronic-acid-is-marvelous-for-the-skin-a-myth-or-a-miracle,https://www.stbotanica.com/blog/hyaluronic-acid-is-marvelous-for-the-skin-a-myth-or-a-miracle, 
https://www.stbotanica.com/blog/scientifically-natural-hair-care/repair-your-hair-with-ultimate-pro-keratin-products-that-actually-work,https://www.stbotanica.com/blog/repair-your-hair-with-ultimate-pro-keratin-products-that-actually-work, 
https://www.stbotanica.com/blog/scientifically-natural-hair-care/is-avocado-beneficial-in-achieving-luscious-tresses-lets-unmask-the-truth,https://www.stbotanica.com/blog/is-avocado-beneficial-in-achieving-luscious-tresses-lets-unmask-the-truth, 
https://www.stbotanica.com/blog/scientifically-natural-skin-care/according-to-dermatologists-the-top-antioxidants-for-your-skin-and-how-they-work,https://www.stbotanica.com/blog/according-to-dermatologists-the-top-antioxidants-for-your-skin-and-how-they-work, 
https://www.stbotanica.com/blog/scientifically-natural-skin-care/here-are-some-ways-coffee-thoroughly-invigorates-your-skin,https://www.stbotanica.com/blog/here-are-some-ways-coffee-thoroughly-invigorates-your-skin, 
https://www.stbotanica.com/blog/scientifically-natural-hair-care/how-bamboo-extract-is-the-next-good-thing-for-longer-and-stronger-hair,https://www.stbotanica.com/blog/how-bamboo-extract-is-the-next-good-thing-for-longer-and-stronger-hair, 
https://www.stbotanica.com/blog/scientifically-natural-hair-care/get-the-glossiest-hair-of-your-life-with-nourishing-argan-oil,https://www.stbotanica.com/blog/get-the-glossiest-hair-of-your-life-with-nourishing-argan-oil, 
https://www.stbotanica.com/blog/scientifically-natural-skin-care/niacinamide-a-standout-skincare-ingredient-dermatologists-swear-by,https://www.stbotanica.com/blog/niacinamide-a-standout-skincare-ingredient-dermatologists-swear-by, 
https://www.stbotanica.com/blog/scientifically-natural-skin-care/reasons-to-ingrain-bulgarian-rose-otto-in-skincare-routine,https://www.stbotanica.com/blog/reasons-to-ingrain-bulgarian-rose-otto-in-skincare-routine, 
https://www.stbotanica.com/blog/scientifically-natural-skin-care/the-best-ways-to-inculcate-vitamin-c-in-the-regimen-for-flawless-skin,https://www.stbotanica.com/blog/the-best-ways-to-inculcate-vitamin-c-in-the-regimen-for-flawless-skin, 
https://www.stbotanica.com/blog/scientifically-natural-skin-care/potent-antioxidants-your-skin-needs-according-to-dermatologists,https://www.stbotanica.com/blog/potent-antioxidants-your-skin-needs-according-to-dermatologists, 
https://www.stbotanica.com/blog/scientifically-natural-skin-care/throwing-light-on-hyaluronic-acid-and-some-of-its-acclaimed-benefits,https://www.stbotanica.com/blog/throwing-light-on-hyaluronic-acid-and-some-of-its-acclaimed-benefits, 
https://www.stbotanica.com/blog/scientifically-natural-skin-care/unlearn-the-biggest-myths-about-retinol-according-to-derms,https://www.stbotanica.com/blog/unlearn-the-biggest-myths-about-retinol-according-to-derms, 
https://www.stbotanica.com/blog/scientifically-natural-skin-care/top-anti-aging-secrets-to-look-and-feel-younger-according-to-dermatologists,https://www.stbotanica.com/blog/top-anti-aging-secrets-to-look-and-feel-younger-according-to-dermatologists, 
https://www.stbotanica.com/blog/scientifically-natural-skin-care/discover-products-recommended-by-skin-professionals-to-deal-with-blackheads,https://www.stbotanica.com/blog/discover-products-recommended-by-skin-professionals-to-deal-with-blackheads, 
https://www.stbotanica.com/blog/scientifically-natural-skin-care/according-to-dermatologists-the-key-to-healthy-skin-wear-sunscreen-daily-in-the-right-way,https://www.stbotanica.com/blog/according-to-dermatologists-the-key-to-healthy-skin-wear-sunscreen-daily-in-the-right-way, 
https://www.stbotanica.com/blog/scientifically-natural-skin-care/got-adult-acne-treat-them-once-and-for-all-by-employing-right-products,https://www.stbotanica.com/blog/got-adult-acne-treat-them-once-and-for-all-by-employing-right-products, 
https://www.stbotanica.com/blog/scientifically-natural-skin-care/how-to-find-the-best-face-mists-for-healthy-glowing-and-hydrated-skin,https://www.stbotanica.com/blog/how-to-find-the-best-face-mists-for-healthy-glowing-and-hydrated-skin, 
https://www.stbotanica.com/blog/scientifically-natural-skin-care/aestheticians-approved-anti-redness-products-to-calm-irritated-complexion,https://www.stbotanica.com/blog/aestheticians-approved-anti-redness-products-to-calm-irritated-complexion, 
https://www.stbotanica.com/blog/scientifically-natural-skin-care/transform-your-skin-with-these-ultimate-skincare-tips-and-products-recommended-by-estheticians,https://www.stbotanica.com/blog/transform-your-skin-with-these-ultimate-skincare-tips-and-products-recommended-by-estheticians, 
https://www.stbotanica.com/blog/scientifically-natural-skin-care/dermatologists-approved-skin-brightening-products-that-actually-work,https://www.stbotanica.com/blog/dermatologists-approved-skin-brightening-products-that-actually-work, 
https://www.stbotanica.com/blog/scientifically-natural-skin-care/how-to-choose-the-best-retinol-skincare-products-and-the-ways-to-use-them,https://www.stbotanica.com/blog/how-to-choose-the-best-retinol-skincare-products-and-the-ways-to-use-them, 
https://www.stbotanica.com/blog/scientifically-natural-skin-care/how-to-treat-enlarged-pores-with-the-best-pore-minimizing-solutions,https://www.stbotanica.com/blog/how-to-treat-enlarged-pores-with-the-best-pore-minimizing-solutions, 
https://www.stbotanica.com/blog/scientifically-natural-skin-care/dermatologists-approved-skincare-products-for-sensitive-skin-fragrance-free-harsh-chemical-free,https://www.stbotanica.com/blog/dermatologists-approved-skincare-products-for-sensitive-skin-fragrance-free-harsh-chemical-free, 
https://www.stbotanica.com/blog/scientifically-natural-skin-care/the-best-skincare-routine-and-treatment-for-oily-skin-according-to-dermatologists,https://www.stbotanica.com/blog/the-best-skincare-routine-and-treatment-for-oily-skin-according-to-dermatologists, 
https://www.stbotanica.com/blog/scientifically-natural-body-care/pamper-yourself-with-the-best-body-care-products-to-get-glowing-and-smooth-skin-all-over,https://www.stbotanica.com/blog/pamper-yourself-with-the-best-body-care-products-to-get-glowing-and-smooth-skin-all-over, 
https://www.stbotanica.com/blog/scientifically-natural-skin-care/complete-guide-on-how-to-tackle-very-dry-skin-with-the-best-products,https://www.stbotanica.com/blog/complete-guide-on-how-to-tackle-very-dry-skin-with-the-best-products, 
https://www.stbotanica.com/blog/scientifically-natural-skin-care/how-to-use-the-right-exfoliants-according-to-skin-type,https://www.stbotanica.com/blog/how-to-use-the-right-exfoliants-according-to-skin-type, 
https://www.stbotanica.com/blog/scientifically-natural-skin-care/choose-the-best-moisturizers-according-to-your-skin-type,https://www.stbotanica.com/blog/choose-the-best-moisturizers-according-to-your-skin-type, 
https://www.stbotanica.com/blog/scientifically-natural-skin-care/the-ultimate-guide-to-the-best-skin-care-ingredients-that-actually-works,https://www.stbotanica.com/blog/the-ultimate-guide-to-the-best-skin-care-ingredients-that-actually-works, 
https://www.stbotanica.com/blog/scientifically-natural-skin-care/chicken-skin-the-best-solution-for-bumps-on-the-face-arm-and-legs,https://www.stbotanica.com/blog/chicken-skin-the-best-solution-for-bumps-on-the-face-arm-and-legs, 
https://www.stbotanica.com/blog/scientifically-natural-skin-care/the-best-skin-care-products-with-regimen-for-combination-skin,https://www.stbotanica.com/blog/the-best-skin-care-products-with-regimen-for-combination-skin, 
https://www.stbotanica.com/blog/scientifically-natural-skin-care/choosing-the-right-face-serum-for-every-skin-concern,https://www.stbotanica.com/blog/choosing-the-right-face-serum-for-every-skin-concern, 
https://www.stbotanica.com/blog/scientifically-natural-skin-care/the-best-under-eye-treatment-to-get-rid-of-wrinkles-puffiness-and-dark-circles,https://www.stbotanica.com/blog/the-best-under-eye-treatment-to-get-rid-of-wrinkles-puffiness-and-dark-circles, 
https://www.stbotanica.com/blog/scientifically-natural-skin-care/everything-you-need-to-know-about-face-wash-according-to-skin-type,https://www.stbotanica.com/blog/everything-you-need-to-know-about-face-wash-according-to-skin-type, 
https://www.stbotanica.com/blog/scientifically-natural-skin-care/retinol-for-younger-plumper-skin,https://www.stbotanica.com/blog/retinol-for-younger-plumper-skin, 
https://www.stbotanica.com/blog/scientifically-natural-skin-care/hydrate-your-skin-with-hyaluronic-acid,https://www.stbotanica.com/blog/hydrate-your-skin-with-hyaluronic-acid, 
https://www.stbotanica.com/blog/scientifically-natural-skin-care/discover-the-moroccan-argan-range-of-st-botanica,https://www.stbotanica.com/blog/discover-the-moroccan-argan-range-of-st-botanica, 
https://www.stbotanica.com/blog/oriental-botanics-skin-care/various-benefits-of-carom-seeds-for-skin,https://www.stbotanica.com/blog/various-benefits-of-carom-seeds-for-skin, 
https://www.stbotanica.com/blog/oriental-botanics-hair-care/the-goodness-of-red-onion-infused-hair-care,https://www.stbotanica.com/blog/the-goodness-of-red-onion-infused-hair-care, 
https://www.stbotanica.com/blog/oriental-botanics-hair-care/the-secret-to-long-lustrous-locks,https://www.stbotanica.com/blog/the-secret-to-long-lustrous-locks, 
https://www.stbotanica.com/blog/oriental-botanics-hair-care/vitamin-e-the-wonder-ingredient-for-healthier-and-shiner-tresses,https://www.stbotanica.com/blog/vitamin-e-the-wonder-ingredient-for-healthier-and-shiner-tresses, 
https://www.stbotanica.com/blog/oriental-botanics-skin-care/complete-guide-on-how-to-incorporate-tea-tree-in-skincare-routine,https://www.stbotanica.com/blog/complete-guide-on-how-to-incorporate-tea-tree-in-skincare-routine, 
https://www.stbotanica.com/blog/oriental-botanics/how-is-sesame-oil-beneficial-for-skin-hair,https://www.stbotanica.com/blog/how-is-sesame-oil-beneficial-for-skin-hair, 
https://www.stbotanica.com/blog/oriental-botanics/pre-wedding-hair-care-for-those-gorgeous-locks,https://www.stbotanica.com/blog/pre-wedding-hair-care-for-those-gorgeous-locks, 
https://www.stbotanica.com/blog/oriental-botanics/importance-of-choosing-a-healthy-facial-moisturizer-for-winters,https://www.stbotanica.com/blog/importance-of-choosing-a-healthy-facial-moisturizer-for-winters, 
https://www.stbotanica.com/blog/oriental-botanics/skin-care-tips-for-pigmented-skin,https://www.stbotanica.com/blog/skin-care-tips-for-pigmented-skin, 
https://www.stbotanica.com/blog/oriental-botanics/skin-care-benefits-of-vitamin-e,https://www.stbotanica.com/blog/skin-care-benefits-of-vitamin-e, 
https://www.stbotanica.com/blog/oriental-botanics/astonishing-benefits-of-red-onion-oil-for-hair,https://www.stbotanica.com/blog/astonishing-benefits-of-red-onion-oil-for-hair, 
https://www.stbotanica.com/blog/oriental-botanics/getting-into-that-perfect-hair-care-routine,https://www.stbotanica.com/blog/getting-into-that-perfect-hair-care-routine, 
https://www.stbotanica.com/blog/oriental-botanics/uneven-skin-tone-ways-to-manage-it-effectively,https://www.stbotanica.com/blog/uneven-skin-tone-ways-to-manage-it-effectively, 
https://www.stbotanica.com/blog/oriental-botanics/the-wonderful-benefits-of-using-hair-oils,https://www.stbotanica.com/blog/the-wonderful-benefits-of-using-hair-oils, 
https://www.stbotanica.com/blog/oriental-botanics-skin-care/using-jojoba-oil-for-beautiful-skin,https://www.stbotanica.com/blog/using-jojoba-oil-for-beautiful-skin, 
https://www.stbotanica.com/blog/oriental-botanics/building-a-healthy-routine-for-rejuvenated-skin,https://www.stbotanica.com/blog/building-a-healthy-routine-for-rejuvenated-skin, 
https://www.stbotanica.com/blog/oriental-botanics-skin-care/popular-benefits-of-tea-tree-oil-for-glowing-skin,https://www.stbotanica.com/blog/popular-benefits-of-tea-tree-oil-for-glowing-skin, 
https://www.stbotanica.com/blog/oriental-botanics/common-skin-care-mistakes-to-avoid-for-sensitive-skin,https://www.stbotanica.com/blog/common-skin-care-mistakes-to-avoid-for-sensitive-skin, 
https://www.stbotanica.com/blog/oriental-botanics-skin-care/your-at-home-skin-care-regimen-during-the-pandemic,https://www.stbotanica.com/blog/your-at-home-skin-care-regimen-during-the-pandemic, 
https://www.stbotanica.com/blog/oriental-botanics-skin-care/emptying-your-pores-and-filling-your-hearts-your-face-skin-plan,https://www.stbotanica.com/blog/emptying-your-pores-and-filling-your-hearts-your-face-skin-plan, 
https://www.stbotanica.com/blog/scientifically-natural-hair-care/5-important-things-we-think-you-didnt-know-about-hair-conditioners,https://www.stbotanica.com/blog/5-important-things-we-think-you-didnt-know-about-hair-conditioners, 
https://www.stbotanica.com/blog/oriental-botanics/wishing-a-youthful-look-follow-these-anti-aging-tips,https://www.stbotanica.com/blog/wishing-a-youthful-look-follow-these-anti-aging-tips, 
https://www.stbotanica.com/blog/oriental-botanics/got-sensitive-easily-irritated-skin-switch-to-natural-ingredients,https://www.stbotanica.com/blog/got-sensitive-easily-irritated-skin-switch-to-natural-ingredients, 
https://www.stbotanica.com/blog/oriental-botanics-skin-care/dry-dehydrated-skin-essential-tips-to-consider,https://www.stbotanica.com/blog/dry-dehydrated-skin-essential-tips-to-consider, 
https://www.stbotanica.com/blog/oriental-botanics-skin-care/surprising-things-to-know-about-face-toners,https://www.stbotanica.com/blog/surprising-things-to-know-about-face-toners, 
https://www.stbotanica.com/blog/scientifically-natural-hair-care/importance-of-using-hair-conditioner-to-get-long-silky-hair,https://www.stbotanica.com/blog/importance-of-using-hair-conditioner-to-get-long-silky-hair, 
https://www.stbotanica.com/blog/oriental-botanics/understanding-different-ingredients-in-your-skincare-products,https://www.stbotanica.com/blog/understanding-different-ingredients-in-your-skincare-products, 
https://www.stbotanica.com/blog/scientifically-natural-hair-care/taking-care-of-fragile-weak-hair,https://www.stbotanica.com/blog/taking-care-of-fragile-weak-hair, 
https://www.stbotanica.com/blog/oriental-botanics/interesting-facts-to-know-about-witch-hazel-for-skin,https://www.stbotanica.com/blog/interesting-facts-to-know-about-witch-hazel-for-skin, 
https://www.stbotanica.com/blog/scientifically-natural-hair-care/faqs-about-hair-conditioners,https://www.stbotanica.com/blog/faqs-about-hair-conditioners, 
https://www.stbotanica.com/blog/scientifically-natural-hair-care/do-hair-masks-improve-overall-hair-health,https://www.stbotanica.com/blog/do-hair-masks-improve-overall-hair-health, 
https://www.stbotanica.com/blog/oriental-botanics/reasons-why-neem-is-a-power-ingredient,https://www.stbotanica.com/blog/reasons-why-neem-is-a-power-ingredient, 
https://www.stbotanica.com/blog/oriental-botanics/the-amazing-benefits-of-inculcating-natural-skin-care-elements-in-your-regime,https://www.stbotanica.com/blog/the-amazing-benefits-of-inculcating-natural-skin-care-elements-in-your-regime, 
https://www.stbotanica.com/blog/scientifically-natural-hair-care/ways-to-handle-damaged-hair,https://www.stbotanica.com/blog/ways-to-handle-damaged-hair, 
https://www.stbotanica.com/blog/oriental-botanics/understanding-the-benefits-of-non-comedogenic-skin-moisturizer,https://www.stbotanica.com/blog/understanding-the-benefits-of-non-comedogenic-skin-moisturizer, 
https://www.stbotanica.com/blog/oriental-botanics/uses-benefits-of-calendula-for-skin,https://www.stbotanica.com/blog/uses-benefits-of-calendula-for-skin, 
https://www.stbotanica.com/blog/oriental-botanics/wonders-of-papaya-for-glowing-healthy-skin,https://www.stbotanica.com/blog/wonders-of-papaya-for-glowing-healthy-skin, 
https://www.stbotanica.com/blog/oriental-botanics/skin-care-steps-to-treat-your-pores,https://www.stbotanica.com/blog/skin-care-steps-to-treat-your-pores, 
https://www.stbotanica.com/blog/oriental-botanics/your-personal-guide-to-antioxidant-rich-products-in-skin-care,https://www.stbotanica.com/blog/your-personal-guide-to-antioxidant-rich-products-in-skin-care, 
https://www.stbotanica.com/blog/oriental-botanics/ways-to-avoid-acne-irritation-from-wearing-face-masks-the-new-normal,https://www.stbotanica.com/blog/ways-to-avoid-acne-irritation-from-wearing-face-masks-the-new-normal, 
https://www.stbotanica.com/blog/oriental-botanics/major-perks-of-using-face-gel-the-new-trending-product,https://www.stbotanica.com/blog/major-perks-of-using-face-gel-the-new-trending-product, 
https://www.stbotanica.com/blog/oriental-botanics/effective-ways-of-treating-hyperpigmentation,https://www.stbotanica.com/blog/effective-ways-of-treating-hyperpigmentation, 
https://www.stbotanica.com/blog/oriental-botanics/advantages-of-antioxidant-rich-products-for-your-skin,https://www.stbotanica.com/blog/advantages-of-antioxidant-rich-products-for-your-skin, 
https://www.stbotanica.com/blog/oriental-botanics/dos-donts-of-using-moisturizers,https://www.stbotanica.com/blog/dos-donts-of-using-moisturizers, 
https://www.stbotanica.com/blog/oriental-botanics/the-trending-essential-oil-diffusers,https://www.stbotanica.com/blog/the-trending-essential-oil-diffusers, 
https://www.stbotanica.com/blog/oriental-botanics/the-basic-skin-care-glossary,https://www.stbotanica.com/blog/the-basic-skin-care-glossary, 
https://www.stbotanica.com/blog/oriental-botanics/everything-youve-ever-wanted-to-know-about-spf-sun-protection,https://www.stbotanica.com/blog/everything-youve-ever-wanted-to-know-about-spf-sun-protection, 
https://www.stbotanica.com/blog/oriental-botanics/amazing-ingredients-to-help-reduce-fine-lines-wrinkles,https://www.stbotanica.com/blog/amazing-ingredients-to-help-reduce-fine-lines-wrinkles, 
https://www.stbotanica.com/blog/oriental-botanics/the-surprising-secrets-to-get-a-nourished-skin,https://www.stbotanica.com/blog/the-surprising-secrets-to-get-a-nourished-skin, 
https://www.stbotanica.com/blog/oriental-botanics/unveiling-the-magic-of-aloe-vera-and-inculcating-it-in-your-skin-care-regime,https://www.stbotanica.com/blog/unveiling-the-magic-of-aloe-vera-and-inculcating-it-in-your-skin-care-regime, 
https://www.stbotanica.com/blog/oriental-botanics/the-magical-properties-of-essential-tea-tree-oil,https://www.stbotanica.com/blog/the-magical-properties-of-essential-tea-tree-oil, 
https://www.stbotanica.com/blog/scientifically-natural-hair-care/how-is-aloe-vera-valuable-in-treating-hair-scalp,https://www.stbotanica.com/blog/how-is-aloe-vera-valuable-in-treating-hair-scalp, 
https://www.stbotanica.com/blog/oriental-botanics/nighttime-skin-care-routine-for-a-beauty-sleep,https://www.stbotanica.com/blog/nighttime-skin-care-routine-for-a-beauty-sleep, 
https://www.stbotanica.com/blog/oriental-botanics/effects-of-cucumber-in-maintaining-calm-hydrated-skin,https://www.stbotanica.com/blog/effects-of-cucumber-in-maintaining-calm-hydrated-skin, 
https://www.stbotanica.com/blog/oriental-botanics/summer-exfoliation-for-a-crazy-glow,https://www.stbotanica.com/blog/summer-exfoliation-for-a-crazy-glow, 
https://www.stbotanica.com/blog/scientifically-natural-body-care/the-ultimate-beauty-of-body-oils,https://www.stbotanica.com/blog/the-ultimate-beauty-of-body-oils, 
https://www.stbotanica.com/blog/oriental-botanics/the-power-of-facial-cleansing-tips-to-follow,https://www.stbotanica.com/blog/the-power-of-facial-cleansing-tips-to-follow, 
https://www.stbotanica.com/blog/oriental-botanics/here-is-why-aloe-vera-green-tea-infused-products-work-wonders-on-skin,https://www.stbotanica.com/blog/here-is-why-aloe-vera-green-tea-infused-products-work-wonders-on-skin, 
https://www.stbotanica.com/blog/oriental-botanics/the-goodness-of-pomegranate-seed-oil-for-hair,https://www.stbotanica.com/blog/the-goodness-of-pomegranate-seed-oil-for-hair, 
https://www.stbotanica.com/blog/oriental-botanics-skin-care/dragging-drooling-eyes-ways-to-treat-irritated-under-eye-area,https://www.stbotanica.com/blog/dragging-drooling-eyes-ways-to-treat-irritated-under-eye-area, 
https://www.stbotanica.com/blog/scientifically-natural-hair-care/is-hair-fall-troubling-you-things-you-need-to-do-to-relive-good-hair-days,https://www.stbotanica.com/blog/is-hair-fall-troubling-you-things-you-need-to-do-to-relive-good-hair-days, 
https://www.stbotanica.com/blog/scientifically-natural-skin-care/niacinamide-the-essential-vitamin-you-need-in-your-skin-care-routine,https://www.stbotanica.com/blog/niacinamide-the-essential-vitamin-you-need-in-your-skin-care-routine, 
https://www.stbotanica.com/blog/scientifically-natural-skin-care/wake-up-to-a-clear-glowing-skin-with-st-botanicas-coffee-range,https://www.stbotanica.com/blog/wake-up-to-a-clear-glowing-skin-with-st-botanicas-coffee-range, 
https://www.stbotanica.com/blog/scientifically-natural-skin-care/complete-guide-on-hydroxy-acids-how-they-are-good-and-which-is-best-for-your-skin-type,https://www.stbotanica.com/blog/complete-guide-on-hydroxy-acids-how-they-are-good-and-which-is-best-for-your-skin-type, 
https://www.stbotanica.com/blog/scientifically-natural-skin-care/lets-find-out-what-happens-when-coffee-is-applied-topically-on-the-skin,https://www.stbotanica.com/blog/lets-find-out-what-happens-when-coffee-is-applied-topically-on-the-skin, 
https://www.stbotanica.com/blog/scientifically-natural-hair-care/experts-recommended-tips-and-products-you-need-to-know-for-healthiest-locks,https://www.stbotanica.com/blog/experts-recommended-tips-and-products-you-need-to-know-for-healthiest-locks, 
https://www.stbotanica.com/blog/scientifically-natural-skin-care/the-vital-role-of-vitamin-c-to-get-youthful-smooth-glowing-skin,https://www.stbotanica.com/blog/the-vital-role-of-vitamin-c-to-get-youthful-smooth-glowing-skin, 
https://www.stbotanica.com/blog/scientifically-natural-skin-care/the-goodness-of-pomegranate-for-supple-healthy-skin,https://www.stbotanica.com/blog/the-goodness-of-pomegranate-for-supple-healthy-skin, 
https://www.stbotanica.com/blog/scientifically-natural-hair-care/benefits-of-biotin-and-collagen-for-hair,https://www.stbotanica.com/blog/benefits-of-biotin-and-collagen-for-hair, 
https://www.stbotanica.com/blog/scientifically-natural-hair-care/argan-oil-for-hydrated-silky-luscious-locks,https://www.stbotanica.com/blog/argan-oil-for-hydrated-silky-luscious-locks, 
https://www.stbotanica.com/blog/scientifically-natural-skin-care/introduce-face-oils-in-skincare-regimen-for-youthful-and-hydrated-complexion,https://www.stbotanica.com/blog/introduce-face-oils-in-skincare-regimen-for-youthful-and-hydrated-complexion, 
https://www.stbotanica.com/blog/scientifically-natural-skin-care/all-you-need-to-know-about-anti-aging-skin-care,https://www.stbotanica.com/blog/all-you-need-to-know-about-anti-aging-skin-care, 
https://www.stbotanica.com/blog/scientifically-natural-skin-care/complete-guide-on-uses-and-benefits-of-cypress-oil-for-flawless-skin-and-beautiful-hair,https://www.stbotanica.com/blog/complete-guide-on-uses-and-benefits-of-cypress-oil-for-flawless-skin-and-beautiful-hair, 
https://www.stbotanica.com/blog/scientifically-natural-skin-care/complete-guide-on-how-to-incorporate-retinol-in-skincare-regimen,https://www.stbotanica.com/blog/complete-guide-on-how-to-incorporate-retinol-in-skincare-regimen, 
https://www.stbotanica.com/blog/scientifically-natural-skin-care/complete-guide-on-how-to-inculcate-hyaluronic-acid-for-dewy-skin,https://www.stbotanica.com/blog/complete-guide-on-how-to-inculcate-hyaluronic-acid-for-dewy-skin, 
https://www.stbotanica.com/blog/scientifically-natural-skin-care/heres-everything-you-need-to-know-about-vitamin-c-face-serums,https://www.stbotanica.com/blog/heres-everything-you-need-to-know-about-vitamin-c-face-serums, 
https://www.stbotanica.com/blog/scientifically-natural-hair-care/sulfate-free-natural-shampoos-that-actually-work-for-all-hair-types,https://www.stbotanica.com/blog/sulfate-free-natural-shampoos-that-actually-work-for-all-hair-types, 
https://www.stbotanica.com/blog/scientifically-natural-hair-care/how-conditioners-are-imperative-for-optimal-hair-health-according-to-hair-stylists,https://www.stbotanica.com/blog/how-conditioners-are-imperative-for-optimal-hair-health-according-to-hair-stylists, 
https://www.stbotanica.com/blog/scientifically-natural-skin-care/optimal-sunscreens-you-actually-want-to-wear-year-round-and-they-are-dermatologists-recommended-also,https://www.stbotanica.com/blog/optimal-sunscreens-you-actually-want-to-wear-year-round-and-they-are-dermatologists-recommended-also, 
https://www.stbotanica.com/blog/scientifically-natural-skin-care/facialists-and-dermatologists-recommended-best-night-creams-for-flawless-youthful-and-shinier-skin,https://www.stbotanica.com/blog/facialists-and-dermatologists-recommended-best-night-creams-for-flawless-youthful-and-shinier-skin, 
https://www.stbotanica.com/blog/scientifically-natural-skin-care/here-is-the-truth-about-serum-why-you-need-to-inculcate-it-into-your-regimen,https://www.stbotanica.com/blog/here-is-the-truth-about-serum-why-you-need-to-inculcate-it-into-your-regimen, 
https://www.stbotanica.com/blog/scientifically-natural-skin-care/the-complete-skin-care-guide-to-vitamin-c-serum,https://www.stbotanica.com/blog/the-complete-skin-care-guide-to-vitamin-c-serum, 
https://www.stbotanica.com/blog/scientifically-natural-hair-care/experts-recommended-hair-care-tips-for-incredible-glossier-and-shinier-tresses,https://www.stbotanica.com/blog/experts-recommended-hair-care-tips-for-incredible-glossier-and-shinier-tresses, 
https://www.stbotanica.com/blog/scientifically-natural-hair-care/what-does-argan-oil-do-for-hair,https://www.stbotanica.com/blog/what-does-argan-oil-do-for-hair, 
https://www.stbotanica.com/blog/scientifically-natural-skin-care/to-have-radiant-soft-and-flawless-complexion-there-is-a-toner-for-every-skin-type,https://www.stbotanica.com/blog/to-have-radiant-soft-and-flawless-complexion-there-is-a-toner-for-every-skin-type, 
https://www.stbotanica.com/blog/scientifically-natural-skin-care/this-is-how-pollution-is-badly-affecting-your-skin-leading-to-ageing-dullness-and-dryness,https://www.stbotanica.com/blog/this-is-how-pollution-is-badly-affecting-your-skin-leading-to-ageing-dullness-and-dryness, 
https://www.stbotanica.com/blog/scientifically-natural-skin-care/reverse-aging-and-look-younger-by-using-these-opulent-sunscreens,https://www.stbotanica.com/blog/reverse-aging-and-look-younger-by-using-these-opulent-sunscreens, 
https://www.stbotanica.com/blog/scientifically-natural-skin-care/amazing-things-to-know-about-the-skin-loving-retinol,https://www.stbotanica.com/blog/amazing-things-to-know-about-the-skin-loving-retinol, 
https://www.stbotanica.com/blog/scientifically-natural-hair-care/all-about-rosemary-oil-and-its-therapeutic-skin-and-hair-benefits,https://www.stbotanica.com/blog/all-about-rosemary-oil-and-its-therapeutic-skin-and-hair-benefits, 
https://www.stbotanica.com/blog/scientifically-natural-hair-care/best-hydrating-life-changing-hair-masks-for-shiny-healthy-and-long-hair,https://www.stbotanica.com/blog/best-hydrating-life-changing-hair-masks-for-shiny-healthy-and-long-hair, 
https://www.stbotanica.com/blog/scientifically-natural-skin-care/astonishing-beauty-benefits-of-antioxidant-loaded-fruit-pomegranate,https://www.stbotanica.com/blog/astonishing-beauty-benefits-of-antioxidant-loaded-fruit-pomegranate, 
https://www.stbotanica.com/blog/scientifically-natural-skin-care/level-up-your-beauty-game-by-incorporating-face-oils-in-your-beauty-regimen,https://www.stbotanica.com/blog/level-up-your-beauty-game-by-incorporating-face-oils-in-your-beauty-regimen, 
https://www.stbotanica.com/blog/scientifically-natural-hair-care/follow-these-experts-recommended-hair-care-tips-for-incredible-hair,https://www.stbotanica.com/blog/follow-these-experts-recommended-hair-care-tips-for-incredible-hair, 
https://www.stbotanica.com/blog/scientifically-natural-skin-care/cucumber-is-your-skins-best-friend-for-calm-hydrated-and-cool-complexion,https://www.stbotanica.com/blog/cucumber-is-your-skins-best-friend-for-calm-hydrated-and-cool-complexion, 
https://www.stbotanica.com/blog/scientifically-natural-skin-care/retinol-myths-debunked-by-dermatologists-you-really-need-to-know,https://www.stbotanica.com/blog/retinol-myths-debunked-by-dermatologists-you-really-need-to-know, 
https://www.stbotanica.com/blog/scientifically-natural-hair-care/ultimate-hair-shampoo-and-conditioner-for-color-treated-frizzy-and-fine-tresses,https://www.stbotanica.com/blog/ultimate-hair-shampoo-and-conditioner-for-color-treated-frizzy-and-fine-tresses, 
https://www.stbotanica.com/blog/scientifically-natural-skin-care/here-are-some-hidden-benefits-of-cocoa-butter-you-need-to-know,https://www.stbotanica.com/blog/here-are-some-hidden-benefits-of-cocoa-butter-you-need-to-know, 
https://www.stbotanica.com/blog/scientifically-natural-skin-care/experts-tips-to-get-ever-lasting-healthy-natural-glow,https://www.stbotanica.com/blog/experts-tips-to-get-ever-lasting-healthy-natural-glow, 
https://www.stbotanica.com/blog/scientifically-natural-skin-care/everything-you-need-to-know-about-skincare-ingredients,https://www.stbotanica.com/blog/everything-you-need-to-know-about-skincare-ingredients, 
https://www.stbotanica.com/blog/scientifically-natural-skin-care/surprising-benefits-of-cypress-oil-for-hair-skin-and-health,https://www.stbotanica.com/blog/surprising-benefits-of-cypress-oil-for-hair-skin-and-health, 
https://www.stbotanica.com/blog/scientifically-natural-skin-care/all-the-ways-in-which-argan-oil-benefits-your-skin,https://www.stbotanica.com/blog/all-the-ways-in-which-argan-oil-benefits-your-skin, 
https://www.stbotanica.com/blog/scientifically-natural-skin-care/night-cream-a-must-have-skin-care-essential,https://www.stbotanica.com/blog/night-cream-a-must-have-skin-care-essential, 
https://www.stbotanica.com/blog/scientifically-natural-skin-care/the-glow-getter-vitamin-c-its-role-in-enhancing-skin-health,https://www.stbotanica.com/blog/the-glow-getter-vitamin-c-its-role-in-enhancing-skin-health, 
https://www.stbotanica.com/blog/scientifically-natural-skin-care/your-guide-to-winter-skin-care,https://www.stbotanica.com/blog/your-guide-to-winter-skin-care, 
https://www.stbotanica.com/blog/scientifically-natural-hair-care/the-secret-to-glowing-festive-ready-skin-shiny-hair,https://www.stbotanica.com/blog/the-secret-to-glowing-festive-ready-skin-shiny-hair, 
https://www.stbotanica.com/blog/scientifically-natural-skin-care/the-new-skincare-trend-glass-skin,https://www.stbotanica.com/blog/the-new-skincare-trend-glass-skin, 
https://www.stbotanica.com/blog/scientifically-natural-skin-care/coffee-for-the-skin-soul,https://www.stbotanica.com/blog/coffee-for-the-skin-soul, 
https://www.stbotanica.com/blog/scientifically-natural-skin-care/boost-your-skin-with-hydration-by-this-range-of-hyaluronic-acid-products,https://www.stbotanica.com/blog/boost-your-skin-with-hydration-by-this-range-of-hyaluronic-acid-products, 
https://www.stbotanica.com/blog/scientifically-natural-skin-care/repair-your-skin-overnight-with-creams-that-literally-work,https://www.stbotanica.com/blog/repair-your-skin-overnight-with-creams-that-literally-work, 
https://www.stbotanica.com/blog/scientifically-natural-skin-care/these-tips-will-succor-to-gain-the-maximum-perks-out-of-a-moisturizer,https://www.stbotanica.com/blog/these-tips-will-succor-to-gain-the-maximum-perks-out-of-a-moisturizer, 
https://www.stbotanica.com/blog/scientifically-natural-hair-care/the-ultimate-conditioning-tips-for-well-nourished-healthy-hair-no-more-a-secret,https://www.stbotanica.com/blog/the-ultimate-conditioning-tips-for-well-nourished-healthy-hair-no-more-a-secret, 
https://www.stbotanica.com/blog/scientifically-natural-skin-care/get-the-fresh-dewy-vacation-skin-with-optimal-serums-and-forget-aging,https://www.stbotanica.com/blog/get-the-fresh-dewy-vacation-skin-with-optimal-serums-and-forget-aging, 
https://www.stbotanica.com/blog/scientifically-natural-body-care/invigorate-your-skin-with-these-dermatologists-advocated-exfoliators,https://www.stbotanica.com/blog/invigorate-your-skin-with-these-dermatologists-advocated-exfoliators, 
https://www.stbotanica.com/blog/scientifically-natural-skin-care/level-up-your-skin-care-game-with-these-ultimate-natural-and-organic-cleansers,https://www.stbotanica.com/blog/level-up-your-skin-care-game-with-these-ultimate-natural-and-organic-cleansers, 
https://www.stbotanica.com/blog/scientifically-natural-skin-care/get-the-well-rested-look-with-these-dermatologists-approved-eye-treatment,https://www.stbotanica.com/blog/get-the-well-rested-look-with-these-dermatologists-approved-eye-treatment, 
https://www.stbotanica.com/blog/scientifically-natural-skin-care/everything-you-need-to-know-about-masking-with-kaolin-clay,https://www.stbotanica.com/blog/everything-you-need-to-know-about-masking-with-kaolin-clay, 
https://www.stbotanica.com/blog/scientifically-natural-skin-care/here-are-some-dermatologist-recommended-tips-for-covetable-sparkle,https://www.stbotanica.com/blog/here-are-some-dermatologist-recommended-tips-for-covetable-sparkle, 
https://www.stbotanica.com/blog/scientifically-natural-hair-care/choose-the-best-vitamins-that-really-work-for-hair-skin-and-nails,https://www.stbotanica.com/blog/choose-the-best-vitamins-that-really-work-for-hair-skin-and-nails, 
https://www.stbotanica.com/blog/scientifically-natural-hair-care/let-us-get-acquainted-with-the-astonishing-benefits-of-apple-cider-vinegar,https://www.stbotanica.com/blog/let-us-get-acquainted-with-the-astonishing-benefits-of-apple-cider-vinegar, 
https://www.stbotanica.com/blog/scientifically-natural-body-care/do-you-know-the-difference-between-shower-gel-and-body-wash,https://www.stbotanica.com/blog/do-you-know-the-difference-between-shower-gel-and-body-wash, 
https://www.stbotanica.com/blog/scientifically-natural-hair-care/say-adios-to-toxic-chemical-and-go-greener-with-organic-shampoos,https://www.stbotanica.com/blog/say-adios-to-toxic-chemical-and-go-greener-with-organic-shampoos, 
https://www.stbotanica.com/blog/scientifically-natural-hair-care/why-maestros-insist-on-silicone-free-hair-products,https://www.stbotanica.com/blog/why-maestros-insist-on-silicone-free-hair-products, 
https://www.stbotanica.com/blog/scientifically-natural-hair-care/its-time-for-some-fruity-rich-antioxidants-for-extra-hydration-and-luminosity,https://www.stbotanica.com/blog/its-time-for-some-fruity-rich-antioxidants-for-extra-hydration-and-luminosity, 
https://www.stbotanica.com/blog/scientifically-natural-skin-care/why-you-should-buff-your-body-also-not-just-the-face,https://www.stbotanica.com/blog/why-you-should-buff-your-body-also-not-just-the-face, 
https://www.stbotanica.com/blog/scientifically-natural-skin-care/are-you-battling-acne-read-on-to-find-how-your-smartphone-may-be-to-blame,https://www.stbotanica.com/blog/are-you-battling-acne-read-on-to-find-how-your-smartphone-may-be-to-blame, 
https://www.stbotanica.com/blog/scientifically-natural-hair-care/get-fuller-and-thicker-strands-with-vitamin-b7-biotin,https://www.stbotanica.com/blog/get-fuller-and-thicker-strands-with-vitamin-b7-biotin, 
https://www.stbotanica.com/blog/scientifically-natural-skin-care/these-reasons-prove-why-should-you-really-start-plying-face-oils,https://www.stbotanica.com/blog/these-reasons-prove-why-should-you-really-start-plying-face-oils, 
https://www.stbotanica.com/blog/scientifically-natural-skin-care/adorn-to-luxurious-skin-care-routine-with-face-masks,https://www.stbotanica.com/blog/adorn-to-luxurious-skin-care-routine-with-face-masks, 
https://www.stbotanica.com/blog/scientifically-natural-skin-care/make-your-skin-freaking-phenomenal-with-antioxidants,https://www.stbotanica.com/blog/make-your-skin-freaking-phenomenal-with-antioxidants, 
https://www.stbotanica.com/blog/scientifically-natural-body-care/get-some-extra-oomph-for-skin-and-hair-with-liquid-gold-moroccan-argan-oil,https://www.stbotanica.com/blog/get-some-extra-oomph-for-skin-and-hair-with-liquid-gold-moroccan-argan-oil, 
https://www.stbotanica.com/blog/scientifically-natural-skin-care/nourish-your-skin-while-you-sleep-with-these-utmost-repairing-night-creams,https://www.stbotanica.com/blog/nourish-your-skin-while-you-sleep-with-these-utmost-repairing-night-creams, 
https://www.stbotanica.com/blog/scientifically-natural-skin-care/does-wearing-a-face-mask-causing-acne-is-maskne-really-a-thing,https://www.stbotanica.com/blog/does-wearing-a-face-mask-causing-acne-is-maskne-really-a-thing, 
https://www.stbotanica.com/blog/scientifically-natural-skin-care/shine-like-a-diamond-with-these-dermatologists-recommended-skincare-tips,https://www.stbotanica.com/blog/shine-like-a-diamond-with-these-dermatologists-recommended-skincare-tips, 
https://www.stbotanica.com/blog/scientifically-natural-skin-care/alleviate-dark-circles-bags-and-puffiness-with-elite-game-changing-eye-creams,https://www.stbotanica.com/blog/alleviate-dark-circles-bags-and-puffiness-with-elite-game-changing-eye-creams, 
https://www.stbotanica.com/blog/scientifically-natural-hair-care/take-hair-health-to-another-level-bonjour-to-soy-protein,https://www.stbotanica.com/blog/take-hair-health-to-another-level-bonjour-to-soy-protein, 
https://www.stbotanica.com/blog/scientifically-natural-skin-care/foods-you-should-immediately-avoid-for-a-better-complexion,https://www.stbotanica.com/blog/foods-you-should-immediately-avoid-for-a-better-complexion, 
https://www.stbotanica.com/blog/scientifically-natural-body-care/must-know-5-ws-and-h-of-sunblock-how-they-work-why-you-need-it,https://www.stbotanica.com/blog/must-know-5-ws-and-h-of-sunblock-how-they-work-why-you-need-it, 
https://www.stbotanica.com/blog/scientifically-natural-hair-care/miracle-ingredient-that-nurture-nourish-its-ravishing-shea,https://www.stbotanica.com/blog/miracle-ingredient-that-nurture-nourish-its-ravishing-shea, 
https://www.stbotanica.com/blog/scientifically-natural-skin-care/how-to-deal-with-sweat-that-may-be-causing-acne,https://www.stbotanica.com/blog/how-to-deal-with-sweat-that-may-be-causing-acne, 
https://www.stbotanica.com/blog/scientifically-natural-body-care/everything-you-need-to-know-about-natural-bar-soaps,https://www.stbotanica.com/blog/everything-you-need-to-know-about-natural-bar-soaps, 
https://www.stbotanica.com/blog/scientifically-natural-hair-care/enthralling-benefits-of-tea-tree-oil-how-to-get-the-most-out-of-this-vigorous-lubricant,https://www.stbotanica.com/blog/enthralling-benefits-of-tea-tree-oil-how-to-get-the-most-out-of-this-vigorous-lubricant, 
https://www.stbotanica.com/blog/scientifically-natural-body-care/is-exfoliation-needed-for-smooth-and-glowing-skin,https://www.stbotanica.com/blog/is-exfoliation-needed-for-smooth-and-glowing-skin, 
https://www.stbotanica.com/blog/scientifically-natural-skin-care/13-habits-that-are-wreaking-havoc-on-your-skin,https://www.stbotanica.com/blog/13-habits-that-are-wreaking-havoc-on-your-skin, 
https://www.stbotanica.com/blog/scientifically-natural-skin-care/what-do-anti-oxidants-do-for-your-skin,https://www.stbotanica.com/blog/what-do-anti-oxidants-do-for-your-skin, 
https://www.stbotanica.com/blog/scientifically-natural-hair-care/sayonara-to-bad-hair-days-with-hair-mask,https://www.stbotanica.com/blog/sayonara-to-bad-hair-days-with-hair-mask, 
https://www.stbotanica.com/blog/scientifically-natural-body-care/lets-debunk-the-top-5-sun-protection-myths,https://www.stbotanica.com/blog/lets-debunk-the-top-5-sun-protection-myths, 
https://www.stbotanica.com/blog/scientifically-natural-skin-care/lets-learn-how-to-fight-oxidative-stress,https://www.stbotanica.com/blog/lets-learn-how-to-fight-oxidative-stress, 
https://www.stbotanica.com/blog/scientifically-natural-hair-care/revamp-your-dry-and-damaged-hair-with-superlative-hair-masks,https://www.stbotanica.com/blog/revamp-your-dry-and-damaged-hair-with-superlative-hair-masks, 
https://www.stbotanica.com/blog/scientifically-natural-body-care/recuperate-your-beauty-routine-with-caffeinated-products,https://www.stbotanica.com/blog/recuperate-your-beauty-routine-with-caffeinated-products, 
https://www.stbotanica.com/blog/scientifically-natural-hair-care/heres-how-to-pick-best-natural-ingredients-for-skin,https://www.stbotanica.com/blog/heres-how-to-pick-best-natural-ingredients-for-skin, 
https://www.stbotanica.com/blog/scientifically-natural-skin-care/how-to-eliminate-hyperpigmentation-with-exquisite-products-that-really-works,https://www.stbotanica.com/blog/how-to-eliminate-hyperpigmentation-with-exquisite-products-that-really-works, 
https://www.stbotanica.com/blog/scientifically-natural-hair-care/heres-the-secret-to-healthy-long-and-strong-hair-biotin,https://www.stbotanica.com/blog/heres-the-secret-to-healthy-long-and-strong-hair-biotin, 
https://www.stbotanica.com/blog/scientifically-natural-skin-care/here-are-some-horrendous-reasons-you-should-never-sleep-with-your-makeup-on,https://www.stbotanica.com/blog/here-are-some-horrendous-reasons-you-should-never-sleep-with-your-makeup-on, 
https://www.stbotanica.com/blog/scientifically-natural-skin-care/here-are-few-steps-to-glass-glowing-complexion-per-skin-experts,https://www.stbotanica.com/blog/here-are-few-steps-to-glass-glowing-complexion-per-skin-experts, 
https://www.stbotanica.com/blog/scientifically-natural-body-care/revamp-your-beauty-regime-with-uber-multifaceted-jojoba-oil,https://www.stbotanica.com/blog/revamp-your-beauty-regime-with-uber-multifaceted-jojoba-oil, 
https://www.stbotanica.com/blog/scientifically-natural-hair-care/biotin-shampoo-and-conditioner-for-hair,https://www.stbotanica.com/blog/biotin-shampoo-and-conditioner-for-hair, 
https://www.stbotanica.com/blog/scientifically-natural-hair-care/divulging-the-secrets-of-bamboo-and-coconut-that-can-do-wonders-for-your-hair,https://www.stbotanica.com/blog/divulging-the-secrets-of-bamboo-and-coconut-that-can-do-wonders-for-your-hair, 
https://www.stbotanica.com/blog/scientifically-natural-hair-care/pamper-your-curls-implement-these-tips-for-the-utmost-care,https://www.stbotanica.com/blog/pamper-your-curls-implement-these-tips-for-the-utmost-care, 
https://www.stbotanica.com/blog/scientifically-natural-skin-care/is-parabens-infused-products-safe-for-your-health-check-out-these-facts,https://www.stbotanica.com/blog/is-parabens-infused-products-safe-for-your-health-check-out-these-facts, 
https://www.stbotanica.com/blog/scientifically-natural-skin-care/dull-skin-get-gorgeous-with-these-skin-care-habits,https://www.stbotanica.com/blog/dull-skin-get-gorgeous-with-these-skin-care-habits, 
https://www.stbotanica.com/blog/scientifically-natural-hair-care/shampoos-that-really-works-for-healthier-hair,https://www.stbotanica.com/blog/shampoos-that-really-works-for-healthier-hair, 
https://www.stbotanica.com/blog/scientifically-natural-hair-care/adorn-your-hair-game-with-scalp-conditioners,https://www.stbotanica.com/blog/adorn-your-hair-game-with-scalp-conditioners, 
https://www.stbotanica.com/blog/scientifically-natural-skin-care/everyday-bad-habits-that-are-ruining-your-sensitive-skin,https://www.stbotanica.com/blog/everyday-bad-habits-that-are-ruining-your-sensitive-skin, 
https://www.stbotanica.com/blog/scientifically-natural-skin-care/unlock-the-benefits-of-argan-oil-for-skin,https://www.stbotanica.com/blog/unlock-the-benefits-of-argan-oil-for-skin, 
https://www.stbotanica.com/blog/scientifically-natural-body-care/the-role-of-polyphenols-for-healthier-skin-and-where-to-find-them,https://www.stbotanica.com/blog/the-role-of-polyphenols-for-healthier-skin-and-where-to-find-them, 
https://www.stbotanica.com/blog/scientifically-natural-skin-care/what-is-a-face-serum-how-to-illuminate-your-skin-with-it,https://www.stbotanica.com/blog/what-is-a-face-serum-how-to-illuminate-your-skin-with-it, 
https://www.stbotanica.com/blog/scientifically-natural-skin-care/why-you-need-bulgarian-rose-otto-for-radiant-and-refreshed-skin,https://www.stbotanica.com/blog/why-you-need-bulgarian-rose-otto-for-radiant-and-refreshed-skin, 
https://www.stbotanica.com/blog/scientifically-natural-skin-care/surprising-beauty-benefits-of-pomegranate-your-new-bff,https://www.stbotanica.com/blog/surprising-beauty-benefits-of-pomegranate-your-new-bff, 
https://www.stbotanica.com/blog/scientifically-natural-body-care/ravishing-benefits-of-bulgarian-rose-otto-you-cant-even-imagine,https://www.stbotanica.com/blog/ravishing-benefits-of-bulgarian-rose-otto-you-cant-even-imagine, 
https://www.stbotanica.com/blog/scientifically-natural-hair-care/moroccan-organic-argan-oil-for-healthier-hair,https://www.stbotanica.com/blog/moroccan-organic-argan-oil-for-healthier-hair, 
https://www.stbotanica.com/blog/scientifically-natural-skin-care/all-you-need-to-know-about-the-power-of-retinol,https://www.stbotanica.com/blog/all-you-need-to-know-about-the-power-of-retinol, 
https://www.stbotanica.com/blog/scientifically-natural-skin-care/anti-oxidants-the-secret-to-flawless-skin,https://www.stbotanica.com/blog/anti-oxidants-the-secret-to-flawless-skin, 
https://www.stbotanica.com/blog/scientifically-natural-skin-care/moroccan-argan-oil-the-golden-elixir-for-your-skin,https://www.stbotanica.com/blog/moroccan-argan-oil-the-golden-elixir-for-your-skin, 
https://www.stbotanica.com/blog/scientifically-natural-skin-care/why-is-it-essential-to-introduce-vitamin-c-in-your-skincare-routine,https://www.stbotanica.com/blog/why-is-it-essential-to-introduce-vitamin-c-in-your-skincare-routine, 
https://www.stbotanica.com/blog/scientifically-natural-skin-care/everything-you-need-to-know-about-the-stellar-vitamin-c-serums,https://www.stbotanica.com/blog/everything-you-need-to-know-about-the-stellar-vitamin-c-serums, 
https://www.stbotanica.com/blog/scientifically-natural-skin-care/all-about-star-skincare-ingredient-hyaluronic-acid,https://www.stbotanica.com/blog/all-about-star-skincare-ingredient-hyaluronic-acid, 
https://www.stbotanica.com/blog/scientifically-natural-skin-care/you-will-never-thought-that-knowing-hyaluronic-acid-could-be-so-beneficial,https://www.stbotanica.com/blog/you-will-never-thought-that-knowing-hyaluronic-acid-could-be-so-beneficial, 
https://www.stbotanica.com/blog/oriental-botanics/explore-the-multiple-benefits-of-aloe-vera,https://www.stbotanica.com/blog/explore-the-multiple-benefits-of-aloe-vera, 
https://www.stbotanica.com/blog/oriental-botanics-skin-care/steps-for-glowing-healthy-skin,https://www.stbotanica.com/blog/steps-for-glowing-healthy-skin, 
https://www.stbotanica.com/blog/oriental-botanics-hair-care/incredible-benefits-you-need-to-know-about-fenugreek-seeds-for-hair-loss-thinning-and-regrowth,https://www.stbotanica.com/blog/incredible-benefits-you-need-to-know-about-fenugreek-seeds-for-hair-loss-thinning-and-regrowth, 
https://www.stbotanica.com/blog/oriental-botanics-hair-care/importance-of-conditioner-in-your-hair-care-routine,https://www.stbotanica.com/blog/importance-of-conditioner-in-your-hair-care-routine, 
https://www.stbotanica.com/blog/oriental-botanics/everything-you-need-to-know-about-wonder-plant-aloe-vera,https://www.stbotanica.com/blog/everything-you-need-to-know-about-wonder-plant-aloe-vera, 
https://www.stbotanica.com/blog/oriental-botanics-skin-care/natural-skin-care-productsthat-work-wonders-for-you,https://www.stbotanica.com/blog/natural-skin-care-productsthat-work-wonders-for-you, 
https://www.stbotanica.com/blog/oriental-botanics/top-eight-reasons-you-should-be-oiling-your-hair-from-now-onwards,https://www.stbotanica.com/blog/top-eight-reasons-you-should-be-oiling-your-hair-from-now-onwards, 
https://www.stbotanica.com/blog/oriental-botanics/keep-your-skin-shining-hydrated-and-soft-with-the-best-body-oils-in-no-time,https://www.stbotanica.com/blog/keep-your-skin-shining-hydrated-and-soft-with-the-best-body-oils-in-no-time, 
https://www.stbotanica.com/blog/oriental-botanics/your-skin-will-thank-you-incorporate-neem-the-wonder-plant-in-your-regimen,https://www.stbotanica.com/blog/your-skin-will-thank-you-incorporate-neem-the-wonder-plant-in-your-regimen, 
https://www.stbotanica.com/blog/oriental-botanics/amazing-benefits-of-the-wonder-herb-bhringraj-for-hair,https://www.stbotanica.com/blog/amazing-benefits-of-the-wonder-herb-bhringraj-for-hair, 
https://www.stbotanica.com/blog/oriental-botanics/wonder-uses-of-basil-for-skin,https://www.stbotanica.com/blog/wonder-uses-of-basil-for-skin, 
https://www.stbotanica.com/blog/oriental-botanics/infuse-orange-based-products-in-your-skin-care-routine-for-a-dreamy-glow,https://www.stbotanica.com/blog/infuse-orange-based-products-in-your-skin-care-routine-for-a-dreamy-glow, 
https://www.stbotanica.com/blog/oriental-botanics/vitamin-c-its-brightening-effects-on-skin,https://www.stbotanica.com/blog/vitamin-c-its-brightening-effects-on-skin, 
https://www.stbotanica.com/blog/oriental-botanics/kakadu-plum-the-skin-superfood,https://www.stbotanica.com/blog/kakadu-plum-the-skin-superfood, 
https://www.stbotanica.com/blog/oriental-botanics/why-does-healthy-skin-care-start-with-cleansing,https://www.stbotanica.com/blog/why-does-healthy-skin-care-start-with-cleansing, 
https://www.stbotanica.com/blog/oriental-botanics/amazing-benefits-of-hydrating-glycerine-for-skin-care,https://www.stbotanica.com/blog/amazing-benefits-of-hydrating-glycerine-for-skin-care, 
https://www.stbotanica.com/blog/oriental-botanics/beauty-benefits-of-the-ancient-spice-saffron-for-skin,https://www.stbotanica.com/blog/beauty-benefits-of-the-ancient-spice-saffron-for-skin, 
https://www.stbotanica.com/blog/oriental-botanics/best-practices-for-winter-skin-care,https://www.stbotanica.com/blog/best-practices-for-winter-skin-care, 
https://www.stbotanica.com/blog/oriental-botanics-skin-care/turmeric-one-ingredient-many-miraculous-benefits,https://www.stbotanica.com/blog/turmeric-one-ingredient-many-miraculous-benefits, 
https://www.stbotanica.com/blog/oriental-botanics/ubtan-grandmas-favorite-skin-care-secret,https://www.stbotanica.com/blog/ubtan-grandmas-favorite-skin-care-secret, 
https://www.stbotanica.com/blog/oriental-botanics/serums-vs-moisturizers-things-to-know-about-them,https://www.stbotanica.com/blog/serums-vs-moisturizers-things-to-know-about-them, 
https://www.stbotanica.com/blog/oriental-botanics-skin-care/a-quick-guide-to-smooth-bright-youthful-skin,https://www.stbotanica.com/blog/a-quick-guide-to-smooth-bright-youthful-skin, 
https://www.stbotanica.com/blog/oriental-botanics/interesting-facts-about-your-skin-that-you-never-knew,https://www.stbotanica.com/blog/interesting-facts-about-your-skin-that-you-never-knew, 
https://www.stbotanica.com/blog/oriental-botanics-skin-care/ways-to-fix-that-extra-shine-on-your-face,https://www.stbotanica.com/blog/ways-to-fix-that-extra-shine-on-your-face, 
https://www.stbotanica.com/blog/oriental-botanics-skin-care/cleansing-routine-for-a-blemish-free-face,https://www.stbotanica.com/blog/cleansing-routine-for-a-blemish-free-face, 
https://www.stbotanica.com/blog/oriental-botanics-skin-care/structuring-a-skin-care-routine-using-active-ingredients,https://www.stbotanica.com/blog/structuring-a-skin-care-routine-using-active-ingredients, 
https://www.stbotanica.com/blog/oriental-botanics/hydration-vs-moisturization-how-are-they-different-for-the-skin,https://www.stbotanica.com/blog/hydration-vs-moisturization-how-are-they-different-for-the-skin, 
https://www.stbotanica.com/blog/oriental-botanics/getting-rid-of-those-pesky-blackheads,https://www.stbotanica.com/blog/getting-rid-of-those-pesky-blackheads, 
https://www.stbotanica.com/blog/oriental-botanics/olive-oil-for-skin-amazing-beauty-benefits,https://www.stbotanica.com/blog/olive-oil-for-skin-amazing-beauty-benefits, 
https://www.stbotanica.com/blog/scientifically-natural-hair-care/benefits-of-oiling-your-hair-the-best-hair-care-practice,https://www.stbotanica.com/blog/benefits-of-oiling-your-hair-the-best-hair-care-practice, 
https://www.stbotanica.com/blog/oriental-botanics/unmask-your-beauty-with-nourishing-face-masks,https://www.stbotanica.com/blog/unmask-your-beauty-with-nourishing-face-masks, 
https://www.stbotanica.com/blog/scientifically-natural-hair-care/revealing-the-miraculous-effects-of-amla-on-hair,https://www.stbotanica.com/blog/revealing-the-miraculous-effects-of-amla-on-hair, 
https://www.stbotanica.com/blog/oriental-botanics/ways-to-banish-the-unwanted-dull-dry-skin,https://www.stbotanica.com/blog/ways-to-banish-the-unwanted-dull-dry-skin, 
https://www.stbotanica.com/blog/scientifically-natural-hair-care/wonderful-ways-to-protect-textured-hair-year-round,https://www.stbotanica.com/blog/wonderful-ways-to-protect-textured-hair-year-round, 
https://www.stbotanica.com/blog/oriental-botanics/spotlight-on-facial-serums,https://www.stbotanica.com/blog/spotlight-on-facial-serums, 
https://www.stbotanica.com/blog/scientifically-natural-body-care/benefits-of-moisturizing-body-wash-cleansers,https://www.stbotanica.com/blog/benefits-of-moisturizing-body-wash-cleansers, 
https://www.stbotanica.com/blog/scientifically-natural-hair-care/healthy-hair-care-practices,https://www.stbotanica.com/blog/healthy-hair-care-practices, 
https://www.stbotanica.com/blog/oriental-botanics/tips-tricks-to-get-rid-of-acne,https://www.stbotanica.com/blog/tips-tricks-to-get-rid-of-acne, 
https://www.stbotanica.com/blog/oriental-botanics/faqs-about-using-tea-tree-oil-for-the-skin,https://www.stbotanica.com/blog/faqs-about-using-tea-tree-oil-for-the-skin, 
https://www.stbotanica.com/blog/oriental-botanics/activated-charcoal-a-skin-care-must-have,https://www.stbotanica.com/blog/activated-charcoal-a-skin-care-must-have, 
https://www.stbotanica.com/blog/oriental-botanics/beauty-hacks-for-glowing-healthy-skin,https://www.stbotanica.com/blog/beauty-hacks-for-glowing-healthy-skin, 
